{
  "task_id": "PCF2-SESSION-T2",
  "phase": "D",
  "config": {
    "dps_wkb": 4000,
    "N_grid_min": 180,
    "N_grid_max": 480,
    "N_grid_step": 10,
    "N_ref": 700,
    "dps_pslq": 200,
    "spec_requested_dps": 5000,
    "spec_requested_N_ref": 1500,
    "judgment_call": "Spec dps=5000 N_ref>=1500 is computationally infeasible for cubic with A=6 because |L_N - L_ref| ~ exp(-A N log N) drops below 10^{-dps} long before N=1500. Used dps=4000, N_ref=700 (~2x R1.3)."
  },
  "fits": {
    "30": {
      "label": "fam30",
      "coeffs": [
        1,
        -3,
        3,
        -3
      ],
      "n_points": 15,
      "ns": [
        180.0,
        190.0,
        200.0,
        210.0,
        220.0,
        230.0,
        240.0,
        250.0,
        260.0,
        270.0,
        280.0,
        290.0,
        300.0,
        310.0,
        320.0
      ],
      "ys": [
        -4534.997366294297,
        -4848.211257070502,
        -5164.584517684786,
        -5483.95904283518,
        -5806.1918030621655,
        -6131.152785861824,
        -6458.723295495719,
        -6788.794536621159,
        -7121.266424874815,
        -7456.046580692003,
        -7793.0494723768325,
        -8132.195681733306,
        -8473.411271098157,
        -8816.627234854326,
        -9161.779021783479
      ],
      "free": {
        "A": 5.999980996820264,
        "alpha": 5.999848320410763,
        "beta": -0.008999890762751456,
        "gamma": -6.641163538137115,
        "A_stderr": 4.4856103168065394e-07,
        "delta_deep": -1.900317973557719e-05,
        "delta_sigma": -42.36475840172004
      },
      "fixed_A6": {
        "alpha": 5.99999083478998,
        "beta": -0.004395567222263752,
        "gamma": -6.625137295034575,
        "resid_mean": -1.0610771520684163e-13,
        "resid_std": 3.3970432470302654e-06,
        "resid_max": 6.290951660048449e-06,
        "resid_at_max_n": 5.260107627691468e-06
      },
      "dt_seconds": 7.134016513824463
    },
    "31": {
      "label": "fam31",
      "coeffs": [
        1,
        -3,
        3,
        1
      ],
      "n_points": 15,
      "ns": [
        180.0,
        190.0,
        200.0,
        210.0,
        220.0,
        230.0,
        240.0,
        250.0,
        260.0,
        270.0,
        280.0,
        290.0,
        300.0,
        310.0,
        320.0
      ],
      "ys": [
        -4538.613926290096,
        -4851.827829720139,
        -5168.201101138032,
        -5487.575635585699,
        -5809.8084038711795,
        -6134.769393701238,
        -6462.339909505166,
        -6792.411156075142,
        -7124.883049157275,
        -7459.663209276437,
        -7796.666104810594,
        -8135.812317625093,
        -8477.02791010796,
        -8820.243876685296,
        -9165.395666175284
      ],
      "free": {
        "A": 5.999984491162817,
        "alpha": 5.999875687586595,
        "beta": -0.007727673722164263,
        "gamma": -10.252776889396554,
        "A_stderr": 3.303370589025847e-07,
        "delta_deep": -1.550883718337559e-05,
        "delta_sigma": -46.948523531987654
      },
      "fixed_A6": {
        "alpha": 5.9999919961377515,
        "beta": -0.003970002373826054,
        "gamma": -10.239697583830573,
        "resid_mean": 4.547473508864641e-13,
        "resid_std": 2.770818937172033e-06,
        "resid_max": 5.100658881929121e-06,
        "resid_at_max_n": 4.320462494433741e-06
      },
      "dt_seconds": 6.316678047180176
    },
    "32": {
      "label": "fam32",
      "coeffs": [
        1,
        -3,
        3,
        2
      ],
      "n_points": 15,
      "ns": [
        180.0,
        190.0,
        200.0,
        210.0,
        220.0,
        230.0,
        240.0,
        250.0,
        260.0,
        270.0,
        280.0,
        290.0,
        300.0,
        310.0,
        320.0
      ],
      "ys": [
        -4540.173119801339,
        -4853.38702639484,
        -5169.760300513634,
        -5489.134837285619,
        -5811.367607585723,
        -6136.328599173381,
        -6463.899116519818,
        -6793.970364450927,
        -7126.44225874018,
        -7461.222419934834,
        -7798.225316431323,
        -8137.3715301103275,
        -8478.5871233727,
        -8821.803090655327,
        -9166.954880785523
      ],
      "free": {
        "A": 5.999985364746557,
        "alpha": 5.999882529366012,
        "beta": -0.007409620003603623,
        "gamma": -11.81073374147764,
        "A_stderr": 3.007868644372812e-07,
        "delta_deep": -1.4635253442918383e-05,
        "delta_sigma": -48.65655775992194
      },
      "fixed_A6": {
        "alpha": 5.999992286474601,
        "beta": -0.0038636111920906657,
        "gamma": -11.798391168462592,
        "resid_mean": -1.0610771520684163e-13,
        "resid_std": 2.61429591904978e-06,
        "resid_max": 4.803087222171598e-06,
        "resid_at_max_n": 4.085550926902215e-06
      },
      "dt_seconds": 6.727064609527588
    },
    "33": {
      "label": "fam33",
      "coeffs": [
        1,
        -3,
        3,
        3
      ],
      "n_points": 15,
      "ns": [
        180.0,
        190.0,
        200.0,
        210.0,
        220.0,
        230.0,
        240.0,
        250.0,
        260.0,
        270.0,
        280.0,
        290.0,
        300.0,
        310.0,
        320.0
      ],
      "ys": [
        -4541.438836378299,
        -4854.652746135257,
        -5171.026022954952,
        -5490.400562051255,
        -5812.633334365981,
        -6137.594327711238,
        -6465.164846600184,
        -6795.236095892426,
        -7127.707991388797,
        -7462.4881536589455,
        -7799.491051117767,
        -8138.6372656612775,
        -8479.852859703153,
        -8823.068827691071,
        -9168.220618461477
      ],
      "free": {
        "A": 5.999986238329834,
        "alpha": 5.999889371141957,
        "beta": -0.007091566400688504,
        "gamma": -13.075213659682296,
        "A_stderr": 2.7124129212262704e-07,
        "delta_deep": -1.3761670166090312e-05,
        "delta_sigma": -50.73589665643061
      },
      "fixed_A6": {
        "alpha": 5.999992576811322,
        "beta": -0.00375722004479373,
        "gamma": -13.063607818967075,
        "resid_mean": -2.4253192047278086e-13,
        "resid_std": 2.4577908747103618e-06,
        "resid_max": 4.505514880293049e-06,
        "resid_at_max_n": 3.8506391319970135e-06
      },
      "dt_seconds": 6.938329219818115
    }
  },
  "pslq": {
    "30": {
      "delta": -1.900317973557719e-05,
      "delta_null_within_5sigma": false,
      "delta_pslq_rel": null,
      "delta_pslq_basis": [
        "1",
        "pi",
        "log2",
        "log3",
        "pi^2",
        "(log2)^2",
        "(log3)^2",
        "pi*log2",
        "pi*log3",
        "log2*log3",
        "pi^3",
        "zeta(3)",
        "Catalan",
        "log(2pi)",
        "Gamma(1/3)",
        "Gamma(2/3)",
        "Omega_{-3}",
        "log Gamma(1/3)",
        "pi/sqrt3"
      ],
      "alpha_fix": 5.99999083478998,
      "alpha_pslq_rel": null,
      "tol_log10": -12
    },
    "31": {
      "delta": -1.550883718337559e-05,
      "delta_null_within_5sigma": false,
      "delta_pslq_rel": null,
      "delta_pslq_basis": [
        "1",
        "pi",
        "log2",
        "log3",
        "pi^2",
        "(log2)^2",
        "(log3)^2",
        "pi*log2",
        "pi*log3",
        "log2*log3",
        "pi^3",
        "zeta(3)",
        "Catalan",
        "log(2pi)",
        "Gamma(1/3)",
        "Gamma(2/3)",
        "Omega_{-3}",
        "log Gamma(1/3)",
        "pi/sqrt3"
      ],
      "alpha_fix": 5.9999919961377515,
      "alpha_pslq_rel": null,
      "tol_log10": -12
    },
    "32": {
      "delta": -1.4635253442918383e-05,
      "delta_null_within_5sigma": false,
      "delta_pslq_rel": null,