{
  "n_families": 50,
  "phase_A": {
    "max_j_relerr": 4.7623387801767595e-15
  },
  "phase_B_top_R13": [
    [
      "H_imtau",
      -0.6420560042000665,
      7.028312995042924e-06
    ],
    [
      "H_eta",
      -0.641863858156613,
      7.101397654942011e-06
    ],
    [
      "H_Delta_w6",
      0.6382130833309952,
      8.632131212047263e-06
    ],
    [
      "H_Delta_w12",
      0.6382130833309952,
      8.632131212047263e-06
    ],
    [
      "H_baseline",
      -0.5682719235138999,
      0.00023395009212439716
    ]
  ],
  "phase_C": {
    "winner": "H_eta",
    "winner_predictor": "log_eta_norm",
    "e4_beats_baseline": true,
    "winner_p_bonf": 7.101397654942011e-06,
    "baseline_p_bonf": 0.00023395009212439716
  }
}