{
  "24": {
    "A": 5.996049587271335,
    "alpha": 5.974770154405531,
    "beta": -0.33964081057390705,
    "gamma": -7.539896766974112,
    "A_stderr": 0.00020025814384551832,
    "alpha_stderr": 0.001195284307958872,
    "n_points": 61,
    "fit_window_N": [
      10,
      130
    ],
    "ns_used": [
      10,
      12,
      14,
      16,
      18,
      20,
      22,
      24,
      26,
      28,
      30,
      32,
      34,
      36,
      38,
      40,
      42,
      44,
      46,
      48,
      50,
      52,
      54,
      56,
      58,
      60,
      62,
      64,
      66,
      68,
      70,
      72,
      74,
      76,
      78,
      80,
      82,
      84,
      86,
      88,
      90,
      92,
      94,
      96,
      98,
      100,
      102,
      104,
      106,
      108,
      110,
      112,
      114,
      116,
      118,
      120,
      122,
      124,
      126,
      128,
      130
    ],
    "residual_rms": 0.003258088317602979,
    "dps": 1500,
    "N_ref": 200,
    "elapsed_seconds": 2.189330577850342,
    "coeffs": [
      1,
      -3,
      2,
      -3
    ]
  },
  "30": {
    "A": 5.998856243256358,
    "alpha": 5.992734922280995,
    "beta": -0.09255325897190037,
    "gamma": -6.833494776650924,
    "A_stderr": 6.462063329481264e-05,
    "alpha_stderr": 0.00038570231134888626,
    "n_points": 61,
    "fit_window_N": [
      10,
      130
    ],
    "ns_used": [
      10,
      12,
      14,
      16,
      18,
      20,
      22,
      24,
      26,
      28,
      30,
      32,
      34,
      36,
      38,
      40,
      42,
      44,
      46,
      48,
      50,
      52,
      54,
      56,
      58,
      60,
      62,
      64,
      66,
      68,
      70,
      72,
      74,
      76,
      78,
      80,
      82,
      84,
      86,
      88,
      90,
      92,
      94,
      96,
      98,
      100,
      102,
      104,
      106,
      108,
      110,
      112,
      114,
      116,
      118,
      120,
      122,
      124,
      126,
      128,
      130
    ],
    "residual_rms": 0.0010513416651676756,
    "dps": 1500,
    "N_ref": 200,
    "elapsed_seconds": 1.5744414329528809,
    "coeffs": [
      1,
      -3,
      3,
      -3
    ]
  },
  "31": {
    "A": 5.999882482212149,
    "alpha": 5.999172962600358,
    "beta": -0.021204374837164808,
    "gamma": -10.291650943284044,
    "A_stderr": 8.259359459283807e-06,
    "alpha_stderr": 4.9297784179449965e-05,
    "n_points": 61,
    "fit_window_N": [
      10,
      130
    ],
    "ns_used": [
      10,
      12,
      14,
      16,
      18,
      20,
      22,
      24,
      26,
      28,
      30,
      32,
      34,
      36,
      38,
      40,
      42,
      44,
      46,
      48,
      50,
      52,
      54,
      56,
      58,
      60,
      62,
      64,
      66,
      68,
      70,
      72,
      74,
      76,
      78,
      80,
      82,
      84,
      86,
      88,
      90,
      92,
      94,
      96,
      98,
      100,
      102,
      104,
      106,
      108,
      110,
      112,
      114,
      116,
      118,
      120,
      122,
      124,
      126,
      128,
      130
    ],
    "residual_rms": 0.00013437517220740212,
    "dps": 1500,
    "N_ref": 200,
    "elapsed_seconds": 1.6509459018707275,
    "coeffs": [
      1,
      -3,
      3,
      1
    ]
  },
  "37": {
    "A": 5.9881623155799515,
    "alpha": 5.9240451189147585,
    "beta": 0.9307891859046443,
    "gamma": -3.8787787565492224,
    "A_stderr": 0.0005424212445601645,
    "alpha_stderr": 0.0032375592296832126,
    "n_points": 61,
    "fit_window_N": [
      10,
      130
    ],
    "ns_used": [
      10,
      12,
      14,
      16,
      18,
      20,
      22,
      24,
      26,
      28,
      30,
      32,
      34,
      36,
      38,
      40,
      42,
      44,
      46,
      48,
      50,
      52,
      54,
      56,
      58,
      60,
      62,
      64,
      66,
      68,
      70,
      72,
      74,
      76,
      78,
      80,
      82,
      84,
      86,
      88,
      90,
      92,
      94,
      96,
      98,
      100,
      102,
      104,
      106,
      108,
      110,
      112,
      114,
      116,
      118,
      120,
      122,
      124,
      126,
      128,
      130
    ],
    "residual_rms": 0.008824891143924835,
    "dps": 1500,
    "N_ref": 200,
    "elapsed_seconds": 1.973386526107788,
    "coeffs": [
      1,
      -2,
      -3,
      1
    ]
  }
}