{
  "task_id": "PCF2-SESSION-R1.3",
  "phase": "D",
  "config": {
    "dps": 5000,
    "N_grid": [
      200,
      800,
      20
    ],
    "N_ref": 1000
  },
  "fam32": {
    "label": "fam32_jZero",
    "coeffs": [
      1,
      -3,
      -3,
      3,
      -3
    ],
    "fixed": {
      "A_fixed": 8.0,
      "alpha": 7.999772337008716,
      "beta": 1.8877646993721737,
      "gamma": -8.2853289931835,
      "n_points": 6,
      "residual_mean": -4.547473508864641e-13,
      "residual_std": 3.5661268483423234e-05,
      "residual_at_max_n": 3.047498012165306e-05,
      "residual_at_n_ref": 3.047498012165306e-05,
      "residuals": [
        -2.8374503926897887e-05,
        4.685625913225522e-05,
        1.6438404827567865e-05,
        -2.947259599750396e-05,
        -3.5922546885558404e-05,
        3.047498012165306e-05
      ],
      "ns": [
        200.0,
        220.0,
        240.0,
        260.0,
        280.0,
        300.0
      ]
    },
    "free": {
      "A": 7.999544981903347,
      "alpha": 7.99635527691057,
      "beta": 1.7759577176361405,
      "gamma": -8.676499698539558,
      "A_stderr": 1.4479573291747922e-05,
      "n_points": 6,
      "residual_rms": 2.534951100717093e-06
    },
    "delta_deep": -0.0004550180966527151,
    "n_points": 6,
    "dt_seconds": 18.04141855239868
  },
  "fam01_baseline": {
    "label": "fam01_baseline_nonjZero",
    "coeffs": [
      1,
      -3,
      -3,
      -3,
      -3
    ],
    "fixed": {
      "A_fixed": 8.0,
      "alpha": 7.999770691490071,
      "beta": 1.8871548766886352,
      "gamma": -4.971350466988941,
      "n_points": 6,
      "residual_mean": -1.1747639897900324e-12,
      "residual_std": 3.604634835211039e-05,
      "residual_at_max_n": 3.079973430430982e-05,
      "residual_at_n_ref": 3.079973430430982e-05,
      "residuals": [
        -2.8683694154096884e-05,
        4.737236577057047e-05,
        1.6606292319920612e-05,
        -2.979518512802315e-05,
        -3.629952016126481e-05,
        3.079973430430982e-05
      ],
      "ns": [
        200.0,
        220.0,
        240.0,
        260.0,
        280.0,
        300.0
      ]
    },
    "free": {
      "A": 7.999540073378072,
      "alpha": 7.996316769724205,
      "beta": 1.7741417728097344,
      "gamma": -5.366740941481521,
      "A_stderr": 1.4712430672968844e-05,
      "n_points": 6,
      "residual_rms": 2.5757176387180773e-06
    },
    "delta_deep": -0.00045992662192784195,
    "n_points": 6,
    "dt_seconds": 13.65874171257019
  },
  "shallow_R13B_fam32": {
    "delta_R13_free": -0.0037081,
    "residual_at_max_n_N250": 0.0022844,
    "residual_std_N250": 0.0012774,
    "source": "Phase R13-B fixed-A=8 fit, dps=2000, N=[50,250]"
  },
  "shallow_R13B_fam01": {
    "delta_R13_free": -0.0038265,
    "residual_at_max_n_N250": 0.0046489,
    "source": "R1.2 tail_fit_overrides fam 1, dps=2000, N=[50,250]"
  }
}