{
  "task_id": "PCF2-SESSION-R1.3",
  "phase": "AB",
  "config": {
    "dps": 2000,
    "N_grid": [
      50,
      250,
      2
    ],
    "N_ref": 400,
    "fixed_A_d3": 6.0,
    "fixed_A_d4": 8.0
  },
  "n_cubic": 50,
  "n_quartic": 60,
  "corr_d3": {
    "residual_mean": {
      "label": "d3_full50",
      "n": 50,
      "rho": -0.20340123827272336,
      "raw_p": 0.15655739162133891,
      "bonf_p": 0.46967217486401674,
      "K": 3
    },
    "residual_at_max_n": {
      "label": "d3_full50",
      "n": 50,
      "rho": 0.5486730270816369,
      "raw_p": 3.700560828599082e-05,
      "bonf_p": 0.00011101682485797246,
      "K": 3
    },
    "delta_R13_free": {
      "label": "d3_full50",
      "n": 50,
      "rho": -0.5682719235138999,
      "raw_p": 1.671072086602837e-05,
      "bonf_p": 5.013216259808511e-05,
      "K": 3
    }
  },
  "corr_d4": {
    "residual_mean": {
      "label": "d4_full60",
      "n": 60,
      "rho": -0.0401800600820543,
      "raw_p": 0.760511314466266,
      "bonf_p": 1.0,
      "K": 3
    },
    "residual_at_max_n": {
      "label": "d4_full60",
      "n": 60,
      "rho": -0.0729091414281745,
      "raw_p": 0.5798462531403522,
      "bonf_p": 1.0,
      "K": 3
    },
    "delta_R13_free": {
      "label": "d4_full60",
      "n": 60,
      "rho": 0.07318699638788553,
      "raw_p": 0.5783990175522301,
      "bonf_p": 1.0,
      "K": 3
    }
  },
  "residual_std_d3_summary": {
    "min": 9.05695527055636e-05,
    "max": 0.09689272651428026,
    "median": 0.0012807723156971224
  },
  "residual_std_d4_summary": {
    "min": 0.0010976579207740043,
    "max": 0.0013185660485405674,
    "median": 0.001283803414557938
  },
  "residual_mean_d3_range": [
    -7.29631943586491e-13,
    5.331223678006085e-13
  ],
  "residual_mean_d4_range": [
    1.5631940186722204e-13,
    6.631732200427601e-13
  ],
  "noisy_families_d3": 50,
  "noisy_families_d4": 60,
  "d4_j_zero_cell": [
    "32"
  ]
}