{
  "task_id": "PCF2-SESSION-R1.3",
  "phase": "E",
  "phase_AB": {
    "A_pass": true,
    "rho_d3": {
      "residual_mean": -0.20340123827272336,
      "residual_at_max_n": 0.5486730270816369,
      "delta_R13_free": -0.5682719235138999
    },
    "rho_d4": {
      "residual_mean": -0.0401800600820543,
      "residual_at_max_n": -0.0729091414281745,
      "delta_R13_free": 0.07318699638788553
    },
    "p_bonf_d3": {
      "residual_at_max_n": 0.00011101682485797246,
      "delta_R13_free": 5.013216259808511e-05
    },
    "p_bonf_d4": {
      "residual_at_max_n": 1.0,
      "delta_R13_free": 1.0
    },
    "B_strong_neg": false,
    "B_null": true,
    "B_intermediate": false
  },
  "phase_C": {
    "n_j0_clean": 99,
    "j0_delta_min": -0.010690929917580583,
    "j0_delta_max": 0.0006989514137067943,
    "j0_delta_median": -0.0024932652938094435,
    "cluster_delta_min": -0.0038265045357794847,
    "cluster_delta_max": -0.003186185361388816,
    "cluster_delta_median": -0.003727271642538277,
    "cluster_min_abs": 0.003186185361388816,
    "cluster_max_abs": 0.0038265045357794847,
    "n_j0_more_negative_than_cluster": 26,
    "n_j0_in_cluster_band": 18,
    "n_j0_closer_to_zero_than_cluster_min": 55,
    "mannwhitney_U": 3893.0,
    "mannwhitney_p": 0.0004759582997330565,
    "outliers_removed": 2
  },
  "phase_D": {
    "fam32_delta_deep": -0.0004550180966527151,
    "fam01_delta_deep": -0.00045992662192784195,
    "deep_diff": 4.908525275126863e-06,
    "pooled_stderr": 2.064252065562765e-05,
    "deep_diff_in_stderr_units": 0.2377871073506074,
    "fam32_resid_at_max_n_deep": 3.047498012165306e-05,
    "fam01_resid_at_max_n_deep": 3.079973430430982e-05,
    "deep_shrinks_fam32_delta": true,
    "fam32_same_as_fam01_deep": true,
    "D_supports_case_B": true
  },
  "verdict": "CASE_B_with_C_caveat",
  "verdict_details": "B5/B6 are confirmed d=3-specific in their SHARP (deep-WKB) form: family 32 deep delta = -4.55e-4 matches non-j=0 baseline (family 1) deep delta = -4.60e-4 to within 0.24 pooled stderr units, indicating NO deep-N j-effect at d=4. The R13-C shallow-N statistical shift of the extended j=0 cell (99 families, Mann-Whitney p=1.1e-6 even after stratifying on coefficient sum) is a real shallow-N phenomenon but dissolves under deep-WKB. Recommended framing for v1.3: cubic-modular with explicit footnote that the shallow-N j-correlation observed at d=4 does not extrapolate to deep-N, and is therefore not a sharp form of B5/B6.  Standalone note: 4-page CAUTIOUS d=3-specific framing.",
  "phase_E_robustness": {
    "task_id": "PCF2-SESSION-R1.3",
    "phase": "E_robustness",
    "n_j0_clean": 99,
    "j0_delta_summary": {
      "min": -0.010690929917580583,
      "max": 0.0006989514137067943,
      "median": -0.0024932652938094435
    },
    "j0_abs_sum_summary": {
      "min": 5,
      "max": 14,
      "median": 10.0
    },
    "q1_nonj0_delta_summary": {
      "min": -0.0038265045357794847,
      "max": -0.003186185361388816,
      "median": -0.003727271642538277
    },
    "q1_abs_sum_summary": {
      "min": 6,
      "max": 12,
      "median": 9.0
    },
    "stratified": {
      "band": [
        6.0,
        12.0
      ],
      "n_j0_in_band": 77,
      "j0_in_band_median": -0.002154199818670932,
      "j0_in_band_min": -0.008214039041073207,
      "j0_in_band_max": 0.0006989514137067943,
      "q1_nonj0_median": -0.003727271642538277,
      "mannwhitney_U": 3381.0,
      "mannwhitney_p": 1.1184196849012528e-06
    }
  },
  "sub_verdicts": {
    "B5_sharp_d4": "REFUTED",
    "B5_deep_d4": "REFUTED",
    "B5_shallow_d4": "CONFIRMED",
    "B6_sharp_d4": "NULL_in_Q1_60_BUT_SIGNIFICANT_in_extended_cell_shallow",
    "B6_deep_d4": "NULL",
    "B5_d3": "CONFIRMED (R1.1 + R13-A)",
    "B6_d3": "CONFIRMED (R1.1 + R13-A)"
  }
}