{
  "task": "P06-DESERT-VALIDATION-STEP1",
  "description": "Positive control: PSLQ recovery of F(2,4) Trans families using desert pipeline + extended basis (B U {pi}).",
  "dps": 130,
  "n_terms": 600,
  "maxcoeff": 10000,
  "n_families": 24,
  "n_recovered_pi_only_subspace": 24,
  "wall_clock_s": 8.70114779472351,
  "results": [
    {
      "index": 321561,
      "a": [
        1,
        2,
        1
      ],
      "b": [
        0,
        -2,
        -3
      ],
      "value_str": "-3.659792366325487694478707269257069621324770947309660129799",
      "status": "recovered",
      "relation": [
        4,
        0,
        1,
        -1,
        0,
        0,
        0,
        0,
        0,
        0,
        0,
        0,
        0,
        0,
        0
      ],
      "basis_names": [
        "V",
        "1",
        "pi",
        "Vpi",
        "zeta3",
        "pi2",
        "ln2sq",
        "Cat",
        "piln2",
        "zeta5",
        "pi4_90",
        "pi2ln2",
        "z3pi2",
        "z3ln2",
        "z2ln2sq"
      ],
      "residual_log10": -999.0
    },
    {
      "index": 130100,
      "a": [
        -2,
        -1,
        1
      ],
      "b": [
        0,
        -3,
        -4
      ],
      "value_str": "-3.659792366325487694478707269257069621324770947309660129799",
      "status": "recovered",
      "relation": [
        4,
        0,
        1,
        -1,
        0,
        0,
        0,
        0,
        0,
        0,
        0,
        0,
        0,
        0,
        0
      ],
      "basis_names": [
        "V",
        "1",
        "pi",
        "Vpi",
        "zeta3",
        "pi2",
        "ln2sq",
        "Cat",
        "piln2",
        "zeta5",
        "pi4_90",
        "pi2ln2",
        "z3pi2",
        "z3ln2",
        "z2ln2sq"
      ],
      "residual_log10": -999.0
    },
    {
      "index": 130101,
      "a": [
        -2,
        -1,
        1
      ],
      "b": [
        0,
        -3,
        -3
      ],
      "value_str": "-2.570796326794896619231321691639751442098584699687552910487",
      "status": "recovered",
      "relation": [
        0,
        0,
        -2,
        -2,
        0,
        -1,
        0,
        0,
        0,
        0,
        0,
        0,
        0,
        0,
        0
      ],
      "basis_names": [
        "V",
        "1",
        "pi",
        "Vpi",
        "zeta3",
        "pi2",
        "ln2sq",
        "Cat",
        "piln2",
        "zeta5",
        "pi4_90",
        "pi2ln2",
        "z3pi2",
        "z3ln2",
        "z2ln2sq"
      ],
      "residual_log10": -999.0
    },
    {
      "index": 130102,
      "a": [
        -2,
        -1,
        1
      ],
      "b": [
        0,
        -3,
        -2
      ],
      "value_str": "-1.388984529648342710619404612046031138262577367043907204791",
      "status": "recovered",
      "relation": [
        2,
        4,
        1,
        1,
        0,
        0,
        0,
        0,
        0,
        0,
        0,
        0,
        0,
        0,
        0
      ],
      "basis_names": [
        "V",
        "1",
        "pi",
        "Vpi",
        "zeta3",
        "pi2",
        "ln2sq",
        "Cat",
        "piln2",
        "zeta5",
        "pi4_90",
        "pi2ln2",
        "z3pi2",
        "z3ln2",
        "z2ln2sq"
      ],
      "residual_log10": -999.0
    },
    {
      "index": 143930,
      "a": [
        -2,
        1,
        3
      ],
      "b": [
        0,
        -3,
        -4
      ],
      "value_str": "-4.300133700977887400613501440028572045218919943072377913225",
      "status": "recovered",
      "relation": [
        16,
        0,
        9,
        -3,
        0,
        0,
        0,
        0,
        0,
        0,
        0,
        0,
        0,
        0,
        0
      ],
      "basis_names": [
        "V",
        "1",
        "pi",
        "Vpi",
        "zeta3",
        "pi2",
        "ln2sq",
        "Cat",
        "piln2",
        "zeta5",
        "pi4_90",
        "pi2ln2",
        "z3pi2",
        "z3ln2",
        "z2ln2sq"
      ],
      "residual_log10": -999.0
    },
    {
      "index": 143931,
      "a": [
        -2,
        1,
        3
      ],
      "b": [
        0,
        -3,
        -3
      ],
      "value_str": "-3.356194490192344928846982537459627163147877049531329365731",
      "status": "recovered",
      "relation": [
        -4,
        -4,
        -3,
        0,
        0,
        0,
        0,
        0,
        0,
        0,
        0,
        0,
        0,
        0,
        0
      ],
      "basis_names": [
        "V",
        "1",
        "pi",
        "Vpi",
        "zeta3",
        "pi2",
        "ln2sq",
        "Cat",
        "piln2",
        "zeta5",
        "pi4_90",
        "pi2ln2",
        "z3pi2",
        "z3ln2",
        "z2ln2sq"
      ],
      "residual_log10": -129.7439281311759
    },
    {
      "index": 143932,
      "a": [
        -2,
        1,
        3
      ],
      "b": [
        0,
        -3,
        -2
      ],
      "value_str": "-2.439900846488442624089521374513713383799187443237689241265",
      "status": "recovered",
      "relation": [
        4,
        8,
        3,
        1,
        0,
        0,
        0,
        0,
        0,
        0,
        0,
        0,
        0,
        0,
        0
      ],
      "basis_names": [
        "V",
        "1",
        "pi",
        "Vpi",
        "zeta3",
        "pi2",
        "ln2sq",
        "Cat",
        "piln2",
        "zeta5",
        "pi4_90",
        "pi2ln2",
        "z3pi2",
        "z3ln2",
        "z2ln2sq"
      ],
      "residual_log10": -130.04495812683987
    },
    {
      "index": 143933,
      "a": [
        -2,
        1,
        3
      ],
      "b": [
        0,
        -3,
        -1
      ],
      "value_str": "-1.581412107282586930891285032976936658603628170236440597318",
      "status": "recovered",
      "relation": [
        -6,
        -10,
        -3,
        -2,
        0,
        0,
        0,
        0,
        0,
        0,
        0,
        0,
        0,
        0,
        0
      ],
      "basis_names": [
        "V",
        "1",
        "pi",
        "Vpi",
        "zeta3",
        "pi2",
        "ln2sq",
        "Cat",
        "piln2",
        "zeta5",
        "pi4_90",
        "pi2ln2",
        "z3pi2",
        "z3ln2",
        "z2ln2sq"
      ],
      "residual_log10": -999.0
    },
    {
      "index": 143934,
      "a": [
        -2,
        1,
        3
      ],
      "b": [
        0,
        -3,
        0
      ],
      "value_str": "-0.897038720131615667652198715781826295399100494003380675676",
      "status": "recovered",
      "relation": [
        10,
        8,
        3,
        3,
        0,
        0,
        0,
        0,
        0,
        0,
        0,
        0,
        0,
        0,
        0
      ],
      "basis_names": [
        "V",
        "1",
        "pi",
        "Vpi",
        "zeta3",
        "pi2",
        "ln2sq",
        "Cat",
        "piln2",
        "zeta5",
        "pi4_90",
        "pi2ln2",
        "z3pi2",
        "z3ln2",
        "z2ln2sq"
      ],
      "residual_log10": -999.0
    },
    {
      "index": 321601,
      "a": [
        1,
        2,
        1
      ],
      "b": [
        0,
        2,
        3
      ],
      "value_str": "3.6597923663254876944787072692570696213247709473096601297996",
      "status": "recovered",
      "relation": [
        -4,
        0,
        1,
        1,
        0,
        0,
        0,
        0,
        0,
        0,
        0,
        0,
        0,
        0,
        0
      ],
      "basis_names": [
        "V",
        "1",
        "pi",
        "Vpi",
        "zeta3",
        "pi2",
        "ln2sq",
        "Cat",
        "piln2",
        "zeta5",
        "pi4_90",
        "pi2ln2",
        "z3pi2",
        "z3ln2",
        "z2ln2sq"
      ],
      "residual_log10": -999.0
    },
    {
      "index": 130116,