{
  "family_id": 32,
  "coeffs": [
    1,
    -3,
    -3,
    3,
    -3
  ],
  "runs": [
    {
      "A": 7.9786791330199005,
      "alpha": 7.865525194148277,
      "beta": 0.2685795766188086,
      "gamma": -12.151934254114998,
      "A_stderr": 0.0010374381853498458,
      "n_points": 53,
      "fit_window_N": [
        10,
        130
      ],
      "residual_rms": 0.012653030671832452,
      "dps": 1500,
      "N_ref": 200,
      "delta": -0.021320866980099495,
      "dt_seconds": 0.9274928569793701
    },
    {
      "A": 7.9786791330199005,
      "alpha": 7.865525194148277,
      "beta": 0.2685795766188086,
      "gamma": -12.151934254114998,
      "A_stderr": 0.0010374381853498458,
      "n_points": 53,
      "fit_window_N": [
        10,
        200
      ],
      "residual_rms": 0.012653030671832452,
      "dps": 1500,
      "N_ref": 300,
      "delta": -0.021320866980099495,
      "dt_seconds": 1.8357574939727783
    },
    {
      "A": 7.983973284694279,
      "alpha": 7.896064949333159,
      "beta": 0.4685048801619736,
      "gamma": -11.855874208635534,
      "A_stderr": 0.0007489460135741611,
      "n_points": 68,
      "fit_window_N": [
        10,
        250
      ],
      "residual_rms": 0.01517093488536535,
      "dps": 2000,
      "N_ref": 400,
      "delta": -0.016026715305721417,
      "dt_seconds": 3.2379508018493652
    },
    {
      "A": 7.996291416236777,
      "alpha": 7.974049492489737,
      "beta": 1.3480894947370436,
      "gamma": -9.9195681211477,
      "A_stderr": 7.709149500220138e-05,
      "n_points": 48,
      "fit_window_N": [
        50,
        250
      ],
      "residual_rms": 0.00018035999835753244,
      "dps": 2000,
      "N_ref": 400,
      "delta": -0.003708583763223139,
      "tail_window": true
    }
  ],
  "log": [
    "[23:15:20] Deep WKB escalation for family 32 (j=0 quartic).",
    "[23:15:21]   dps=1500, N=[10..130], N_ref=200: A=7.978679 +/- 1.04e-03, delta=-2.1321e-02, dt=0.9s",
    "[23:15:23]   dps=1500, N=[10..200], N_ref=300: A=7.978679 +/- 1.04e-03, delta=-2.1321e-02, dt=1.8s",
    "[23:15:26]   dps=2000, N=[10..250], N_ref=400: A=7.983973 +/- 7.49e-04, delta=-1.6027e-02, dt=3.2s",
    "[23:15:26] Tail-window-only fit (drop N < 50)",
    "[23:15:29]   TAIL dps=2000, N=[50..250], N_ref=400: A=7.996291 +/- 7.71e-05, delta=-3.7086e-03, dt=2.9s"
  ]
}