{
  "dps": 1500,
  "N_grid": [
    10,
    12,
    14,
    16,
    18,
    20,
    22,
    24,
    26,
    28,
    30,
    32,
    34,
    36,
    38,
    40,
    42,
    44,
    46,
    48,
    50,
    52,
    54,
    56,
    58,
    60,
    62,
    64,
    66,
    68,
    70,
    72,
    74,
    76,
    78,
    80,
    82,
    84,
    86,
    88,
    90,
    92,
    94,
    96,
    98,
    100,
    102,
    104,
    106,
    108,
    110,
    112,
    114,
    116,
    118,
    120,
    122,
    124,
    126,
    128,
    130
  ],
  "N_ref": 200,
  "targets": [
    32,
    39,
    44,
    9
  ],
  "overrides": {
    "32": {
      "A": 7.9786791330199005,
      "alpha": 7.865525194148277,
      "beta": 0.2685795766188086,
      "gamma": -12.151934254114998,
      "A_stderr": 0.0010374381853498458,
      "alpha_stderr": 0.006085084299116827,
      "n_points": 53,
      "fit_window_N": [
        10,
        114
      ],
      "ns_used": [
        10,
        12,
        14,
        16,
        18,
        20,
        22,
        24,
        26,
        28,
        30,
        32,
        34,
        36,
        38,
        40,
        42,
        44,
        46,
        48,
        50,
        52,
        54,
        56,
        58,
        60,
        62,
        64,
        66,
        68,
        70,
        72,
        74,
        76,
        78,
        80,
        82,
        84,
        86,
        88,
        90,
        92,
        94,
        96,
        98,
        100,
        102,
        104,
        106,
        108,
        110,
        112,
        114
      ],
      "residual_rms": 0.012653030671832452,
      "dps": 1500,
      "N_ref": 200
    },
    "39": {
      "A": 7.9802895421847495,
      "alpha": 7.875878825778822,
      "beta": 0.4256404814435995,
      "gamma": -12.360937464771089,
      "A_stderr": 0.0009907385546570348,
      "alpha_stderr": 0.005811168037390303,
      "n_points": 53,
      "fit_window_N": [
        10,
        114
      ],
      "ns_used": [
        10,
        12,
        14,
        16,
        18,
        20,
        22,
        24,
        26,
        28,
        30,
        32,
        34,
        36,
        38,
        40,
        42,
        44,
        46,
        48,
        50,
        52,
        54,
        56,
        58,
        60,
        62,
        64,
        66,
        68,
        70,
        72,
        74,
        76,
        78,
        80,
        82,
        84,
        86,
        88,
        90,
        92,
        94,
        96,
        98,
        100,
        102,
        104,
        106,
        108,
        110,
        112,
        114
      ],
      "residual_rms": 0.012083462414307668,
      "dps": 1500,
      "N_ref": 200
    },
    "44": {
      "A": 7.9805917627552345,
      "alpha": 7.877744725409699,
      "beta": 0.4448365701933688,
      "gamma": -12.400402729627416,
      "A_stderr": 0.0009693407420395825,
      "alpha_stderr": 0.005685659360890224,
      "n_points": 53,
      "fit_window_N": [
        10,
        114
      ],
      "ns_used": [
        10,
        12,
        14,
        16,
        18,
        20,
        22,
        24,
        26,
        28,
        30,
        32,
        34,
        36,
        38,
        40,
        42,
        44,
        46,
        48,
        50,
        52,
        54,
        56,
        58,
        60,
        62,
        64,
        66,
        68,
        70,
        72,
        74,
        76,
        78,
        80,
        82,
        84,
        86,
        88,
        90,
        92,
        94,
        96,
        98,
        100,
        102,
        104,
        106,
        108,
        110,
        112,
        114
      ],
      "residual_rms": 0.011822485728484747,
      "dps": 1500,
      "N_ref": 200
    },
    "9": {
      "A": 7.977133424017872,
      "alpha": 7.8559844781973585,
      "beta": 0.17062314044552845,
      "gamma": -11.612891638397564,
      "A_stderr": 0.001147741871598604,
      "alpha_stderr": 0.006732069573811224,
      "n_points": 53,
      "fit_window_N": [
        10,
        114
      ],
      "ns_used": [
        10,
        12,
        14,
        16,
        18,
        20,
        22,
        24,
        26,
        28,
        30,
        32,
        34,
        36,
        38,
        40,
        42,
        44,
        46,
        48,
        50,
        52,
        54,
        56,
        58,
        60,
        62,
        64,
        66,
        68,
        70,
        72,
        74,
        76,
        78,
        80,
        82,
        84,
        86,
        88,
        90,
        92,
        94,
        96,
        98,
        100,
        102,
        104,
        106,
        108,
        110,
        112,
        114
      ],
      "residual_rms": 0.013998340633457845,
      "dps": 1500,
      "N_ref": 200
    }
  }
}