{
  "picks": [
    {
      "pick_index": 1,
      "coeffs_a": [
        2,
        2,
        2,
        0,
        -1
      ],
      "coeffs_b": [
        -1,
        -1,
        1
      ],
      "ratio": 2.0,
      "L_dps300": "-0.0020579405368000056021969922083958168822584583635135914544641",
      "diff": "0.0",
      "findings": [],
      "pslq_log": [
        [
          "A_standard",
          "MISS"
        ],
        [
          "B_elliptic",
          "MISS"
        ],
        [
          "C_2F1_Clausen",
          "MISS"
        ],
        [
          "D_alg_times_pi2",
          "PHANTOM",
          [
            0,
            0,
            0,
            0,
            0,
            0,
            0,
            -4,
            5
          ]
        ],
        [
          "Dp_alg_times_pi",
          "PHANTOM",
          [
            0,
            0,
            0,
            0,
            0,
            1,
            0,
            -2
          ]
        ],
        [
          "Da_algebraic",
          "MISS"
        ]
      ]
    },
    {
      "pick_index": 2,
      "coeffs_a": [
        1,
        0,
        1,
        -1,
        -2
      ],
      "coeffs_b": [
        2,
        1,
        -1
      ],
      "ratio": 0.25,
      "L_dps300": "-1.30268138928521796585059918750182880246410145468419028457571",
      "diff": "1.867e-301",
      "findings": [],
      "pslq_log": [
        [
          "A_standard",
          "MISS"
        ],
        [
          "B_elliptic",
          "MISS"
        ],
        [
          "C_2F1_Clausen",
          "MISS"
        ],
        [
          "D_alg_times_pi2",
          "PHANTOM",
          [
            0,
            0,
            0,
            0,
            0,
            0,
            0,
            -4,
            5
          ]
        ],
        [
          "Dp_alg_times_pi",
          "PHANTOM",
          [
            0,
            0,
            0,
            0,
            0,
            1,
            0,
            -2
          ]
        ],
        [
          "Da_algebraic",
          "MISS"
        ]
      ]
    },
    {
      "pick_index": 3,
      "coeffs_a": [
        2,
        0,
        -2,
        -2,
        -1
      ],
      "coeffs_b": [
        1,
        -2,
        -2
      ],
      "ratio": 2.0,
      "L_dps300": "-3999.12342836400050740362286759753578346876696091588882384854",
      "diff": "0.0",
      "findings": [],
      "pslq_log": [
        [
          "A_standard",
          "MISS"
        ],
        [
          "B_elliptic",
          "MISS"
        ],
        [
          "C_2F1_Clausen",
          "MISS"
        ],
        [
          "D_alg_times_pi2",
          "PHANTOM",
          [
            0,
            0,
            0,
            0,
            0,
            0,
            0,
            -4,
            5
          ]
        ],
        [
          "Dp_alg_times_pi",
          "PHANTOM",
          [
            0,
            0,
            0,
            0,
            0,
            1,
            0,
            -2
          ]
        ],
        [
          "Da_algebraic",
          "MISS"
        ]
      ]
    }
  ],
  "elapsed_sec": 0.7472472190856934
}