{
  "cmax": 2,
  "total_families": 125000,
  "stage_a_survivors": 124334,
  "stage_b_convergent": 124334,
  "stage_c_unique_L": 108815,
  "classification_counts": {
    "Rat": 12160,
    "Alg": 370,
    "Log-bilin": 0,
    "Trans-candidate": 108762,
    "ERR": 3042
  },
  "phantoms_rejected_total": 28,
  "elapsed_sec": {
    "A": 27.780065298080444,
    "B": 1471.7493188381195,
    "C": 5436.380076885223,
    "total": 6937.359713315964
  },
  "results_file_excluded": true,
  "results_full_sha256": "008cf81f69ab3f988b5ff23e8116e465fba63d46f19f20045d80033a1f087b29",
  "results_full_bytes": 44646081
}